{
  "scenario": "bulk_transfer",
  "description": "Bulk transfer: Large file download, maximize throughput",
  "network_config": {
    "bandwidth_mbps": 10.0,
    "delay_ms": 50.0,
    "queue_size": 100,
    "loss_rate": 0.0,
    "expected_traffic_type": "bulk"
  },
  "baseline": [
    {
      "avg_throughput": {
        "mean": 8.403599999999999,
        "std": 0.0,
        "min": 8.403599999999999,
        "max": 8.403599999999999,
        "values": [
          8.403599999999999,
          8.403599999999999,
          8.403599999999999,
          8.403599999999999,
          8.403599999999999
        ]
      },
      "avg_latency": {
        "mean": 102.41307185064048,
        "std": 1.4210854715202004e-14,
        "min": 102.41307185064046,
        "max": 102.41307185064046,
        "values": [
          102.41307185064046,
          102.41307185064046,
          102.41307185064046,
          102.41307185064046,
          102.41307185064046
        ]
      },
      "loss_rate": {
        "mean": 0.02638978544768945,
        "std": 3.469446951953614e-18,
        "min": 0.026389785447689454,
        "max": 0.026389785447689454,
        "values": [
          0.026389785447689454,
          0.026389785447689454,
          0.026389785447689454,
          0.026389785447689454,
          0.026389785447689454
        ]
      },
      "avg_utility": {
        "mean": 0.7870294538238327,
        "std": 0.0,
        "min": 0.7870294538238327,
        "max": 0.7870294538238327,
        "values": [
          0.7870294538238327,
          0.7870294538238327,
          0.7870294538238327,
          0.7870294538238327,
          0.7870294538238327
        ]
      },
      "final_rate": {
        "mean": 8.485030497879153,
        "std": 0.0,
        "min": 8.485030497879153,
        "max": 8.485030497879153,
        "values": [
          8.485030497879153,
          8.485030497879153,
          8.485030497879153,
          8.485030497879153,
          8.485030497879153
        ]
      },
      "latency_p50": {
        "mean": 102.41307185064046,
        "std": 1.4210854715202004e-14
      },
      "latency_p95": {
        "mean": 102.41307185064046,
        "std": 1.4210854715202004e-14
      },
      "latency_p99": {
        "mean": 102.41307185064046,
        "std": 1.4210854715202004e-14
      },
      "rate_history": []
    }
  ],
  "extension1": [
    {
      "avg_throughput": {
        "mean": 5.7736,
        "std": 0.0,
        "min": 5.7736,
        "max": 5.7736,
        "values": [
          5.7736,
          5.7736,
          5.7736,
          5.7736,
          5.7736
        ]
      },
      "avg_latency": {
        "mean": 96.66495319445812,
        "std": 0.0,
        "min": 96.66495319445812,
        "max": 96.66495319445812,
        "values": [
          96.66495319445812,
          96.66495319445812,
          96.66495319445812,
          96.66495319445812,
          96.66495319445812
        ]
      },
      "loss_rate": {
        "mean": 0.0243108115108132,
        "std": 0.0,
        "min": 0.0243108115108132,
        "max": 0.0243108115108132,
        "values": [
          0.0243108115108132,
          0.0243108115108132,
          0.0243108115108132,
          0.0243108115108132,
          0.0243108115108132
        ]
      },
      "avg_utility": {
        "mean": 0.5368915072939107,
        "std": 0.0,
        "min": 0.5368915072939107,
        "max": 0.5368915072939107,
        "values": [
          0.5368915072939107,
          0.5368915072939107,
          0.5368915072939107,
          0.5368915072939107,
          0.5368915072939107
        ]
      },
      "final_rate": {
        "mean": 4.9892922917818145,
        "std": 0.0,
        "min": 4.9892922917818145,
        "max": 4.9892922917818145,
        "values": [
          4.9892922917818145,
          4.9892922917818145,
          4.9892922917818145,
          4.9892922917818145,
          4.9892922917818145
        ]
      },
      "latency_p50": {
        "mean": 96.66495319445812,
        "std": 0.0
      },
      "latency_p95": {
        "mean": 96.66495319445812,
        "std": 0.0
      },
      "latency_p99": {
        "mean": 96.66495319445812,
        "std": 0.0
      },
      "traffic_class_accuracy": {
        "mean": 0.0,
        "std": 0.0,
        "values": [
          0.0,
          0.0,
          0.0,
          0.0,
          0.0
        ]
      },
      "utility_optimization": {
        "mean": 0.1789638357646369,
        "std": 0.0,
        "values": [
          0.1789638357646369,
          0.1789638357646369,
          0.1789638357646369,
          0.1789638357646369,
          0.1789638357646369
        ]
      },
      "rate_history": []
    }
  ],
  "statistics": {
    "total_runs": 5,
    "timestamp": "2025-11-19T18:02:48.365533",
    "version": "2.0",
    "simulation_type": "real"
  }
}