{
  "scenario": "realtime_gaming",
  "description": "Real-time gaming: FPS gaming, minimize latency",
  "network_config": {
    "bandwidth_mbps": 5.0,
    "delay_ms": 20.0,
    "queue_size": 30,
    "loss_rate": 0.001,
    "expected_traffic_type": "realtime"
  },
  "baseline": [
    {
      "avg_throughput": {
        "mean": 1.07728,
        "std": 0.00046647615158765645,
        "min": 1.0764,
        "max": 1.0776000000000001,
        "values": [
          1.0776000000000001,
          1.0776000000000001,
          1.0776000000000001,
          1.0772000000000002,
          1.0764
        ]
      },
      "avg_latency": {
        "mean": 46.45012809343663,
        "std": 0.008910127473321936,
        "min": 46.43950497515706,
        "max": 46.46286608626817,
        "values": [
          46.44897719737928,
          46.46286608626817,
          46.441898344332685,
          46.457393864045955,
          46.43950497515706
        ]
      },
      "loss_rate": {
        "mean": 0.008342312735740617,
        "std": 0.00048591265790377477,
        "min": 0.008008979402407286,
        "max": 0.009258979402407285,
        "values": [
          0.008008979402407286,
          0.008008979402407286,
          0.008008979402407286,
          0.008425646069073952,
          0.009258979402407285
        ]
      },
      "avg_utility": {
        "mean": 0.5810455162610131,
        "std": 0.004397922621019799,
        "min": 0.5727503309223201,
        "max": 0.584074306198111,
        "values": [
          0.5840602531325582,
          0.5840556659796007,
          0.584074306198111,
          0.5802870250724754,
          0.5727503309223201
        ]
      },
      "final_rate": {
        "mean": 1.0,
        "std": 0.0,
        "min": 1.0,
        "max": 1.0,
        "values": [
          1.0,
          1.0,
          1.0,
          1.0,
          1.0
        ]
      },
      "latency_p50": {
        "mean": 46.44897719737928,
        "std": 0.008910127473321936
      },
      "latency_p95": {
        "mean": 46.46177164182373,
        "std": 0.008910127473321936
      },
      "latency_p99": {
        "mean": 46.46264719737928,
        "std": 0.008910127473321936
      },
      "rate_history": []
    }
  ],
  "extension1": [
    {
      "avg_throughput": {
        "mean": 3.11616,
        "std": 0.37705151690452055,
        "min": 2.4968000000000004,
        "max": 3.4916,
        "values": [
          3.4676,
          2.4968000000000004,
          3.2312000000000003,
          3.4916,
          2.8936
        ]
      },
      "avg_latency": {
        "mean": 62.731780792993085,
        "std": 2.6943743442382173,
        "min": 58.029446353603795,
        "max": 65.76791366209841,
        "values": [
          65.76791366209841,
          58.029446353603795,
          62.57552889233425,
          64.9242433717779,
          62.3617716851511
        ]
      },
      "loss_rate": {
        "mean": 0.015688463013246497,
        "std": 0.007479307709668918,
        "min": 0.007304934243658429,
        "max": 0.02934730455394118,
        "values": [
          0.014494274156536167,
          0.016207084420661697,
          0.007304934243658429,
          0.01108871769143501,
          0.02934730455394118
        ]
      },
      "avg_utility": {
        "mean": 1.5752922140602454,
        "std": 0.623314038032999,
        "min": 0.5708385640972389,
        "max": 2.1929808443745493,
        "values": [
          1.880941616595863,
          1.13865816279453,
          2.1929808443745493,
          2.093041882439045,
          0.5708385640972389
        ]
      },
      "final_rate": {
        "mean": 2.1858317258294306,
        "std": 1.0216978253577031,
        "min": 1.0,
        "max": 3.5419736872710685,
        "values": [
          3.5419736872710685,
          1.0,
          2.8551094972956483,
          2.5320754445804363,
          1.0
        ]
      },
      "latency_p50": {
        "mean": 62.57552889233425,
        "std": 2.6943743442382173
      },
      "latency_p95": {
        "mean": 65.5991796040343,
        "std": 2.6943743442382173
      },
      "latency_p99": {
        "mean": 65.7341668504856,
        "std": 2.6943743442382173
      },
      "traffic_class_accuracy": {
        "mean": 0.0,
        "std": 0.0,
        "values": [
          0.0,
          0.0,
          0.0,
          0.0,
          0.0
        ]
      },
      "utility_optimization": {
        "mean": 0.5250974046867485,
        "std": 0.20777134601099967,
        "values": [
          0.6269805388652877,
          0.37955272093151,
          0.7309936147915165,
          0.6976806274796816,
          0.1902795213657463
        ]
      },
      "rate_history": []
    }
  ],
  "statistics": {
    "total_runs": 5,
    "timestamp": "2025-11-19T18:02:49.335227",
    "version": "2.0",
    "simulation_type": "real"
  }
}