{
  "scenario": "high_bandwidth",
  "description": "High bandwidth network: Datacenter interconnect",
  "network_config": {
    "bandwidth_mbps": 100.0,
    "delay_ms": 5.0,
    "queue_size": 2000,
    "loss_rate": 0.0,
    "expected_traffic_type": "bulk"
  },
  "baseline": [
    {
      "avg_throughput": {
        "mean": 97.8216,
        "std": 0.0,
        "min": 97.8216,
        "max": 97.8216,
        "values": [
          97.8216,
          97.8216,
          97.8216,
          97.8216,
          97.8216
        ]
      },
      "avg_latency": {
        "mean": 54.75603303775515,
        "std": 0.0,
        "min": 54.75603303775515,
        "max": 54.75603303775515,
        "values": [
          54.75603303775515,
          54.75603303775515,
          54.75603303775515,
          54.75603303775515,
          54.75603303775515
        ]
      },
      "loss_rate": {
        "mean": 0.0,
        "std": 0.0,
        "min": 0.0,
        "max": 0.0,
        "values": [
          0.0,
          0.0,
          0.0,
          0.0,
          0.0
        ]
      },
      "avg_utility": {
        "mean": 61.13371667110353,
        "std": 0.0,
        "min": 61.13371667110353,
        "max": 61.13371667110353,
        "values": [
          61.13371667110353,
          61.13371667110353,
          61.13371667110353,
          61.13371667110353,
          61.13371667110353
        ]
      },
      "final_rate": {
        "mean": 100.0,
        "std": 0.0,
        "min": 100.0,
        "max": 100.0,
        "values": [
          100.0,
          100.0,
          100.0,
          100.0,
          100.0
        ]
      },
      "latency_p50": {
        "mean": 54.75603303775515,
        "std": 0.0
      },
      "latency_p95": {
        "mean": 54.75603303775515,
        "std": 0.0
      },
      "latency_p99": {
        "mean": 54.75603303775515,
        "std": 0.0
      },
      "convergence_time_seconds": {
        "mean": 3.3849557522123894,
        "std": 0.0,
        "values": [
          3.3849557522123894,
          3.3849557522123894,
          3.3849557522123894,
          3.3849557522123894,
          3.3849557522123894
        ]
      },
      "fairness_index": {
        "mean": 0.9498127558629712,
        "std": 0.0,
        "values": [
          0.9498127558629712,
          0.9498127558629712,
          0.9498127558629712,
          0.9498127558629712,
          0.9498127558629712
        ]
      },
      "jain_fairness_index": {
        "mean": 0.9498127558629712,
        "std": 0.0,
        "values": [
          0.9498127558629712,
          0.9498127558629712,
          0.9498127558629712,
          0.9498127558629712,
          0.9498127558629712
        ]
      },
      "fairness_violations": {
        "mean": 0.013274336283185839,
        "std": 1.734723475976807e-18,
        "values": [
          0.01327433628318584,
          0.01327433628318584,
          0.01327433628318584,
          0.01327433628318584,
          0.01327433628318584
        ]
      },
      "flow_contention_detected": {
        "mean": true,
        "count": 5,
        "percentage": 100.0
      },
      "rate_history": []
    }
  ],
  "extension1": [
    {
      "avg_throughput": {
        "mean": 97.8216,
        "std": 0.0,
        "min": 97.8216,
        "max": 97.8216,
        "values": [
          97.8216,
          97.8216,
          97.8216,
          97.8216,
          97.8216
        ]
      },
      "avg_latency": {
        "mean": 54.75603303775515,
        "std": 0.0,
        "min": 54.75603303775515,
        "max": 54.75603303775515,
        "values": [
          54.75603303775515,
          54.75603303775515,
          54.75603303775515,
          54.75603303775515,
          54.75603303775515
        ]
      },
      "loss_rate": {
        "mean": 0.0,
        "std": 0.0,
        "min": 0.0,
        "max": 0.0,
        "values": [
          0.0,
          0.0,
          0.0,
          0.0,
          0.0
        ]
      },
      "avg_utility": {
        "mean": 60.869344790763776,
        "std": 0.0,
        "min": 60.869344790763776,
        "max": 60.869344790763776,
        "values": [
          60.869344790763776,
          60.869344790763776,
          60.869344790763776,
          60.869344790763776,
          60.869344790763776
        ]
      },
      "final_rate": {
        "mean": 100.0,
        "std": 0.0,
        "min": 100.0,
        "max": 100.0,
        "values": [
          100.0,
          100.0,
          100.0,
          100.0,
          100.0
        ]
      },
      "latency_p50": {
        "mean": 54.75603303775515,
        "std": 0.0
      },
      "latency_p95": {
        "mean": 54.75603303775515,
        "std": 0.0
      },
      "latency_p99": {
        "mean": 54.75603303775515,
        "std": 0.0
      },
      "convergence_time_seconds": {
        "mean": 3.3849557522123894,
        "std": 0.0,
        "values": [
          3.3849557522123894,
          3.3849557522123894,
          3.3849557522123894,
          3.3849557522123894,
          3.3849557522123894
        ]
      },
      "fairness_index": {
        "mean": 0.9498063342325903,
        "std": 1.1102230246251565e-16,
        "values": [
          0.9498063342325902,
          0.9498063342325902,
          0.9498063342325902,
          0.9498063342325902,
          0.9498063342325902
        ]
      },
      "jain_fairness_index": {
        "mean": 0.9498063342325903,
        "std": 1.1102230246251565e-16,
        "values": [
          0.9498063342325902,
          0.9498063342325902,
          0.9498063342325902,
          0.9498063342325902,
          0.9498063342325902
        ]
      },
      "fairness_violations": {
        "mean": 0.013274336283185839,
        "std": 1.734723475976807e-18,
        "values": [
          0.01327433628318584,
          0.01327433628318584,
          0.01327433628318584,
          0.01327433628318584,
          0.01327433628318584
        ]
      },
      "flow_contention_detected": {
        "mean": true,
        "count": 5,
        "percentage": 100.0
      },
      "rate_history": []
    }
  ],
  "extension2": [
    {
      "avg_throughput": {
        "mean": 97.8216,
        "std": 0.0,
        "min": 97.8216,
        "max": 97.8216,
        "values": [
          97.8216,
          97.8216,
          97.8216,
          97.8216,
          97.8216
        ]
      },
      "avg_latency": {
        "mean": 54.75603303775515,
        "std": 0.0,
        "min": 54.75603303775515,
        "max": 54.75603303775515,
        "values": [
          54.75603303775515,
          54.75603303775515,
          54.75603303775515,
          54.75603303775515,
          54.75603303775515
        ]
      },
      "loss_rate": {
        "mean": 0.0,
        "std": 0.0,
        "min": 0.0,
        "max": 0.0,
        "values": [
          0.0,
          0.0,
          0.0,
          0.0,
          0.0
        ]
      },
      "avg_utility": {
        "mean": 60.869344790763776,
        "std": 0.0,
        "min": 60.869344790763776,
        "max": 60.869344790763776,
        "values": [
          60.869344790763776,
          60.869344790763776,
          60.869344790763776,
          60.869344790763776,
          60.869344790763776
        ]
      },
      "final_rate": {
        "mean": 100.0,
        "std": 0.0,
        "min": 100.0,
        "max": 100.0,
        "values": [
          100.0,
          100.0,
          100.0,
          100.0,
          100.0
        ]
      },
      "latency_p50": {
        "mean": 54.75603303775515,
        "std": 0.0
      },
      "latency_p95": {
        "mean": 54.75603303775515,
        "std": 0.0
      },
      "latency_p99": {
        "mean": 54.75603303775515,
        "std": 0.0
      },
      "convergence_time_seconds": {
        "mean": 3.3849557522123894,
        "std": 0.0,