{
  "scenario": "video_streaming",
  "description": "Video streaming: 4K video streaming, consistent latency",
  "network_config": {
    "bandwidth_mbps": 15.0,
    "delay_ms": 30.0,
    "queue_size": 50,
    "loss_rate": 0.002,
    "expected_traffic_type": "streaming"
  },
  "baseline": [
    {
      "avg_throughput": {
        "mean": 10.412159999999998,
        "std": 0.2506352377460119,
        "min": 10.1156,
        "max": 10.7264,
        "values": [
          10.1268,
          10.4748,
          10.7264,
          10.1156,
          10.617199999999999
        ]
      },
      "avg_latency": {
        "mean": 72.39801491503242,
        "std": 0.4291102152482389,
        "min": 71.88788270013579,
        "max": 72.94895803733797,
        "values": [
          71.92263834134683,
          72.48020863406732,
          72.94895803733797,
          71.88788270013579,
          72.75038686227421
        ]
      },
      "loss_rate": {
        "mean": 0.006611494742798797,
        "std": 0.0003111059484911528,
        "min": 0.006060521439079601,
        "max": 0.007008994160999823,
        "values": [
          0.007008994160999823,
          0.006571379206584805,
          0.0067399872351524455,
          0.006676591672177309,
          0.006060521439079601
        ]
      },
      "avg_utility": {
        "mean": 6.856305369919565,
        "std": 0.17079649285724816,
        "min": 6.635460208079507,
        "max": 7.049266076001319,
        "values": [
          6.635460208079507,
          6.904164310163312,
          7.0156710462898175,
          6.676965209063869,
          7.049266076001319
        ]
      },
      "final_rate": {
        "mean": 10.533055555102203,
        "std": 1.0516832193052827,
        "min": 8.506935286237004,
        "max": 11.263546093342574,
        "values": [
          8.506935286237004,
          11.141869528431073,
          11.263546093342574,
          10.499040725026243,
          11.25388614247412
        ]
      },
      "latency_p50": {
        "mean": 72.48020863406732,
        "std": 0.4291102152482389
      },
      "latency_p95": {
        "mean": 72.90924380232522,
        "std": 0.4291102152482389
      },
      "latency_p99": {
        "mean": 72.94101519033542,
        "std": 0.4291102152482389
      },
      "convergence_time_seconds": {
        "mean": 7.315553321699715,
        "std": 2.0804068236427438,
        "values": [
          8.294930875576037,
          9.775280898876405,
          6.084905660377359,
          3.9007092198581557,
          8.521939953810623
        ]
      },
      "fairness_index": {
        "mean": 0.8843907651044283,
        "std": 0.010933050545956731,
        "values": [
          0.8716301205644116,
          0.8824781199990568,
          0.8976346879260577,
          0.8738195574490779,
          0.8963913395835376
        ]
      },
      "jain_fairness_index": {
        "mean": 0.8843907651044283,
        "std": 0.010933050545956731,
        "values": [
          0.8716301205644116,
          0.8824781199990568,
          0.8976346879260577,
          0.8738195574490779,
          0.8963913395835376
        ]
      },
      "fairness_violations": {
        "mean": 0.006950018435241486,
        "std": 0.00012750077371276612,
        "values": [
          0.0069124423963133645,
          0.006741573033707865,
          0.007075471698113208,
          0.0070921985815602835,
          0.006928406466512702
        ]
      },
      "flow_contention_detected": {
        "mean": true,
        "count": 5,
        "percentage": 100.0
      },
      "rate_history": []
    }
  ],
  "extension1": [
    {
      "avg_throughput": {
        "mean": 10.783411913477536,
        "std": 0.22232623055774026,
        "min": 10.427999999999999,
        "max": 11.124259567387687,
        "values": [
          10.427999999999999,
          10.790799999999999,
          11.124259567387687,
          10.8348,
          10.739199999999999
        ]
      },
      "avg_latency": {
        "mean": 73.0732615260575,
        "std": 0.3771266195528135,
        "min": 72.4739008099868,
        "max": 73.65620435754359,
        "values": [
          72.4739008099868,
          73.07458242314529,
          73.65620435754359,
          73.15811176248356,
          73.0035082771282
        ]
      },
      "loss_rate": {
        "mean": 0.007485626402213061,
        "std": 0.0001555052514210928,
        "min": 0.0072590225390795115,
        "max": 0.007703604604470265,
        "values": [
          0.007703604604470265,
          0.0074917164647385105,
          0.007382000671654084,
          0.007591787731122932,
          0.0072590225390795115
        ]
      },
      "avg_utility": {
        "mean": 9.05580671638167,
        "std": 0.21350306247204504,
        "min": 8.697819449443433,
        "max": 9.369309023804435,
        "values": [
          8.697819449443433,
          9.059335573634344,
          9.369309023804435,
          9.094005579932551,
          9.05856395509358
        ]
      },
      "final_rate": {
        "mean": 10.757502494170545,
        "std": 0.856142252802767,
        "min": 9.447342638257178,
        "max": 11.664322336612464,
        "values": [
          11.664322336612464,
          10.835562461929667,
          10.189711206826425,
          11.650573827226989,
          9.447342638257178
        ]
      },
      "latency_p50": {
        "mean": 73.07458242314529,
        "std": 0.3771266195528135
      },
      "latency_p95": {
        "mean": 73.55658583853157,
        "std": 0.3771266195528135
      },
      "latency_p99": {
        "mean": 73.63628065374118,
        "std": 0.3771266195528135
      },
      "convergence_time_seconds": {
        "mean": 4.375819808733235,
        "std": 1.431939235573825,
        "values": [
          7.238979118329466,
          3.6890951276102086,
          3.6976744186046515,
          3.6448598130841123,
          3.608490566037736
        ]
      },
      "fairness_index": {
        "mean": 0.8983327193231624,
        "std": 0.011017428549979032,
        "values": [
          0.8842159806083665,
          0.8905395852719129,
          0.9147160335883613,
          0.9067182311480615,
          0.8954737659991099
        ]
      },
      "jain_fairness_index": {
        "mean": 0.8983327193231624,
        "std": 0.011017428549979032,
        "values": [
          0.8842159806083665,
          0.8905395852719129,
          0.9147160335883613,
          0.9067182311480615,
          0.8954737659991099
        ]
      },
      "fairness_violations": {
        "mean": 0.006996535073529474,
        "std": 4.330277224016293e-05,
        "values": [
          0.0069605568445475635,
          0.0069605568445475635,
          0.0069767441860465115,
          0.007009345794392523,
          0.007075471698113208
        ]
      },
      "flow_contention_detected": {
        "mean": true,
        "count": 5,
        "percentage": 100.0
      },
      "rate_history": []
    }
  ],
  "extension2": [
    {
      "avg_throughput": {
        "mean": 10.592550016638935,
        "std": 0.26914586412910435,
        "min": 10.1688,
        "max": 10.8684,
        "values": [
          10.8684,
          10.384692179700501,
          10.775599999999999,
          10.1688,
          10.765257903494177
        ]
      },
      "avg_latency": {
        "mean": 72.7584374906556,
        "std": 0.4712361712658956,
        "min": 72.01093087768633,
        "max": 73.2506699981619,
        "values": [
          73.2506699981619,
          72.40584909713836,
          73.07215862246588,
          72.01093087768633,
          73.05257885782552
        ]
      },
      "loss_rate": {
        "mean": 0.007686089215931356,
        "std": 0.00026518266454590434,
        "min": 0.0072480586639092435,
        "max": 0.007961405363466897,