{
  "scenario": "bulk_transfer",
  "description": "Bulk transfer: Large file download, maximize throughput",
  "network_config": {
    "bandwidth_mbps": 10.0,
    "delay_ms": 50.0,
    "queue_size": 100,
    "loss_rate": 0.0,
    "expected_traffic_type": "bulk"
  },
  "baseline": [
    {
      "avg_throughput": {
        "mean": 8.403599999999999,
        "std": 0.0,
        "min": 8.403599999999999,
        "max": 8.403599999999999,
        "values": [
          8.403599999999999,
          8.403599999999999,
          8.403599999999999,
          8.403599999999999,
          8.403599999999999
        ]
      },
      "avg_latency": {
        "mean": 102.41307185064048,
        "std": 1.4210854715202004e-14,
        "min": 102.41307185064046,
        "max": 102.41307185064046,
        "values": [
          102.41307185064046,
          102.41307185064046,
          102.41307185064046,
          102.41307185064046,
          102.41307185064046
        ]
      },
      "loss_rate": {
        "mean": 0.02638978544768945,
        "std": 3.469446951953614e-18,
        "min": 0.026389785447689454,
        "max": 0.026389785447689454,
        "values": [
          0.026389785447689454,
          0.026389785447689454,
          0.026389785447689454,
          0.026389785447689454,
          0.026389785447689454
        ]
      },
      "avg_utility": {
        "mean": 0.7870294538238327,
        "std": 0.0,
        "min": 0.7870294538238327,
        "max": 0.7870294538238327,
        "values": [
          0.7870294538238327,
          0.7870294538238327,
          0.7870294538238327,
          0.7870294538238327,
          0.7870294538238327
        ]
      },
      "final_rate": {
        "mean": 8.485030497879153,
        "std": 0.0,
        "min": 8.485030497879153,
        "max": 8.485030497879153,
        "values": [
          8.485030497879153,
          8.485030497879153,
          8.485030497879153,
          8.485030497879153,
          8.485030497879153
        ]
      },
      "latency_p50": {
        "mean": 102.41307185064046,
        "std": 1.4210854715202004e-14
      },
      "latency_p95": {
        "mean": 102.41307185064046,
        "std": 1.4210854715202004e-14
      },
      "latency_p99": {
        "mean": 102.41307185064046,
        "std": 1.4210854715202004e-14
      },
      "convergence_time_seconds": {
        "mean": 7.722222222222223,
        "std": 8.881784197001252e-16,
        "values": [
          7.722222222222222,
          7.722222222222222,
          7.722222222222222,
          7.722222222222222,
          7.722222222222222
        ]
      },
      "fairness_index": {
        "mean": 0.9499999999999998,
        "std": 0.0,
        "values": [
          0.9499999999999998,
          0.9499999999999998,
          0.9499999999999998,
          0.9499999999999998,
          0.9499999999999998
        ]
      },
      "jain_fairness_index": {
        "mean": 0.9499999999999998,
        "std": 0.0,
        "values": [
          0.9499999999999998,
          0.9499999999999998,
          0.9499999999999998,
          0.9499999999999998,
          0.9499999999999998
        ]
      },
      "fairness_violations": {
        "mean": 0.005555555555555556,
        "std": 0.0,
        "values": [
          0.005555555555555556,
          0.005555555555555556,
          0.005555555555555556,
          0.005555555555555556,
          0.005555555555555556
        ]
      },
      "flow_contention_detected": {
        "mean": true,
        "count": 5,
        "percentage": 100.0
      },
      "rate_history": []
    }
  ],
  "extension1": [
    {
      "avg_throughput": {
        "mean": 5.7736,
        "std": 0.0,
        "min": 5.7736,
        "max": 5.7736,
        "values": [
          5.7736,
          5.7736,
          5.7736,
          5.7736,
          5.7736
        ]
      },
      "avg_latency": {
        "mean": 96.66495319445812,
        "std": 0.0,
        "min": 96.66495319445812,
        "max": 96.66495319445812,
        "values": [
          96.66495319445812,
          96.66495319445812,
          96.66495319445812,
          96.66495319445812,
          96.66495319445812
        ]
      },
      "loss_rate": {
        "mean": 0.0243108115108132,
        "std": 0.0,
        "min": 0.0243108115108132,
        "max": 0.0243108115108132,
        "values": [
          0.0243108115108132,
          0.0243108115108132,
          0.0243108115108132,
          0.0243108115108132,
          0.0243108115108132
        ]
      },
      "avg_utility": {
        "mean": 0.5368915072939107,
        "std": 0.0,
        "min": 0.5368915072939107,
        "max": 0.5368915072939107,
        "values": [
          0.5368915072939107,
          0.5368915072939107,
          0.5368915072939107,
          0.5368915072939107,
          0.5368915072939107
        ]
      },
      "final_rate": {
        "mean": 4.9892922917818145,
        "std": 0.0,
        "min": 4.9892922917818145,
        "max": 4.9892922917818145,
        "values": [
          4.9892922917818145,
          4.9892922917818145,
          4.9892922917818145,
          4.9892922917818145,
          4.9892922917818145
        ]
      },
      "latency_p50": {
        "mean": 96.66495319445812,
        "std": 0.0
      },
      "latency_p95": {
        "mean": 96.66495319445812,
        "std": 0.0
      },
      "latency_p99": {
        "mean": 96.66495319445812,
        "std": 0.0
      },
      "convergence_time_seconds": {
        "mean": 10.018050541516246,
        "std": 0.0,
        "values": [
          10.018050541516246,
          10.018050541516246,
          10.018050541516246,
          10.018050541516246,
          10.018050541516246
        ]
      },
      "fairness_index": {
        "mean": 0.95,
        "std": 0.0,
        "values": [
          0.95,
          0.95,
          0.95,
          0.95,
          0.95
        ]
      },
      "jain_fairness_index": {
        "mean": 0.95,
        "std": 0.0,
        "values": [
          0.95,
          0.95,
          0.95,
          0.95,
          0.95
        ]
      },
      "fairness_violations": {
        "mean": 0.005415162454873646,
        "std": 0.0,
        "values": [
          0.005415162454873646,
          0.005415162454873646,
          0.005415162454873646,
          0.005415162454873646,
          0.005415162454873646
        ]
      },
      "flow_contention_detected": {
        "mean": true,
        "count": 5,
        "percentage": 100.0
      },
      "rate_history": []
    }
  ],
  "extension2": [
    {
      "avg_throughput": {
        "mean": 6.321600000000002,
        "std": 0.0,
        "min": 6.321600000000002,
        "max": 6.321600000000002,
        "values": [
          6.321600000000002,
          6.321600000000002,
          6.321600000000002,
          6.321600000000002,
          6.321600000000002
        ]
      },
      "avg_latency": {
        "mean": 95.98499888532196,
        "std": 0.0,
        "min": 95.98499888532196,
        "max": 95.98499888532196,
        "values": [
          95.98499888532196,
          95.98499888532196,
          95.98499888532196,
          95.98499888532196,
          95.98499888532196
        ]
      },
      "loss_rate": {
        "mean": 0.0234641878325738,
        "std": 0.0,
        "min": 0.0234641878325738,
        "max": 0.0234641878325738,
        "values": [
          0.0234641878325738,
          0.0234641878325738,
          0.0234641878325738,
          0.0234641878325738,
          0.0234641878325738
        ]
      },
      "avg_utility": {
        "mean": 1.359298004182235,
        "std": 0.0,
        "min": 1.359298004182235,
        "max": 1.359298004182235,
        "values": [
          1.359298004182235,
          1.359298004182235,
          1.359298004182235,
          1.359298004182235,
          1.359298004182235
        ]
      },
      "final_rate": {
        "mean": 6.708951948616642,
        "std": 0.0,