{
  "scenario": "moderate_latency",
  "description": "High latency network: Cable modem or mobile network",
  "network_config": {
    "bandwidth_mbps": 5.0,
    "delay_ms": 150.0,
    "queue_size": 200,
    "loss_rate": 0.005,
    "expected_traffic_type": "bulk"
  },
  "baseline": [
    {
      "avg_throughput": {
        "mean": 1.10784,
        "std": 0.08591366829556282,
        "min": 0.9824,
        "max": 1.2484,
        "values": [
          1.1296,
          1.2484,
          0.9824,
          1.0779999999999998,
          1.1008
        ]
      },
      "avg_latency": {
        "mean": 176.23829474206516,
        "std": 0.8433291274254663,
        "min": 175.0072752976207,
        "max": 177.61920734127148,
        "values": [
          176.44596626984293,
          177.61920734127148,
          175.0072752976207,
          175.94410466270008,
          176.17492013889054
        ]
      },
      "loss_rate": {
        "mean": 0.0037142857142857142,
        "std": 0.0007481980069150014,
        "min": 0.0026851851851851854,
        "max": 0.004543650793650794,
        "values": [
          0.0031018518518518517,
          0.003703703703703704,
          0.004537037037037037,
          0.0026851851851851854,
          0.004543650793650794
        ]
      },
      "avg_utility": {
        "mean": -0.03455879558537288,
        "std": 0.008067646259952361,
        "min": -0.04511151036270633,
        "max": -0.023939397141384267,
        "values": [
          -0.027351745708074512,
          -0.034811286445413064,
          -0.04158003826928624,
          -0.023939397141384267,
          -0.04511151036270633
        ]
      },
      "final_rate": {
        "mean": 1.0,
        "std": 0.0,
        "min": 1.0,
        "max": 1.0,
        "values": [
          1.0,
          1.0,
          1.0,
          1.0,
          1.0
        ]
      },
      "latency_p50": {
        "mean": 176.17492013889054,
        "std": 0.8433291274254663
      },
      "latency_p95": {
        "mean": 177.38455912698578,
        "std": 0.8433291274254663
      },
      "latency_p99": {
        "mean": 177.57227769841433,
        "std": 0.8433291274254663
      },
      "convergence_time_seconds": {
        "mean": 3.5784817542761695,
        "std": 0.954733194590263,
        "values": [
          2.956989247311828,
          2.9719626168224296,
          3.523316062176166,
          5.440140845070423,
          3.0
        ]
      },
      "fairness_index": {
        "mean": 0.7,
        "std": 0.0,
        "values": [
          0.7,
          0.7,
          0.7,
          0.7,
          0.7
        ]
      },
      "jain_fairness_index": {
        "mean": 0.7,
        "std": 0.0,
        "values": [
          0.7,
          0.7,
          0.7,
          0.7,
          0.7
        ]
      },
      "fairness_violations": {
        "mean": 0.0017869333913188346,
        "std": 4.7038058092036484e-05,
        "values": [
          0.0017921146953405018,
          0.001869158878504673,
          0.0017271157167530224,
          0.0017605633802816902,
          0.0017857142857142857
        ]
      },
      "flow_contention_detected": {
        "mean": true,
        "count": 5,
        "percentage": 100.0
      },
      "rate_history": []
    }
  ],
  "extension1": [
    {
      "avg_throughput": {
        "mean": 2.1048173044925127,
        "std": 1.3222491473496965,
        "min": 1.3660000000000003,
        "max": 4.748086522462562,
        "values": [
          1.4727999999999999,
          4.748086522462562,
          1.4684000000000001,
          1.4688,
          1.3660000000000003
        ]
      },
      "avg_latency": {
        "mean": 317.60803921969864,
        "std": 173.66269141300444,
        "min": 220.86292276163232,
        "max": 664.7811166064236,
        "values": [
          234.46550202055144,
          664.7811166064236,
          233.98450149939075,
          233.94615321049514,
          220.86292276163232
        ]
      },
      "loss_rate": {
        "mean": 0.1865533310825089,
        "std": 0.25403480024280506,
        "min": 0.047727305115598036,
        "max": 0.6944750851665032,
        "values": [
          0.06289642171014771,
          0.6944750851665032,
          0.06404225504348104,
          0.06362558837681438,
          0.047727305115598036
        ]
      },
      "avg_utility": {
        "mean": -9.632809901561876,
        "std": 13.367549146541352,
        "min": -36.358646643543295,
        "max": -2.2700449234618025,
        "values": [
          -3.176617862764369,
          -36.358646643543295,
          -3.1810258603840764,
          -3.177714217655838,
          -2.2700449234618025
        ]
      },
      "final_rate": {
        "mean": 4.005628062242566,
        "std": 6.011256124485133,
        "min": 1.0,
        "max": 16.028140311212834,
        "values": [
          1.0,
          16.028140311212834,
          1.0,
          1.0,
          1.0
        ]
      },
      "latency_p50": {
        "mean": 233.98450149939075,
        "std": 173.66269141300444
      },
      "latency_p95": {
        "mean": 578.717993689249,
        "std": 173.66269141300444
      },
      "latency_p99": {
        "mean": 647.5684920229886,
        "std": 173.66269141300444
      },
      "convergence_time_seconds": {
        "mean": 5.379092219830859,
        "std": 1.1262019387239877,
        "values": [
          6.062717770034843,
          3.208955223880597,
          6.147110332749563,
          6.136363636363637,
          5.340314136125654
        ]
      },
      "fairness_index": {
        "mean": 0.7,
        "std": 0.0,
        "values": [
          0.7,
          0.7,
          0.7,
          0.7,
          0.7
        ]
      },
      "jain_fairness_index": {
        "mean": 0.7,
        "std": 0.0,
        "values": [
          0.7,
          0.7,
          0.7,
          0.7,
          0.7
        ]
      },
      "fairness_violations": {
        "mean": 0.006033733179163796,
        "std": 0.0009819437718641946,
        "values": [
          0.005226480836236934,
          0.007462686567164179,
          0.005253940455341506,
          0.005244755244755245,
          0.006980802792321117
        ]
      },
      "flow_contention_detected": {
        "mean": true,
        "count": 5,
        "percentage": 100.0
      },
      "rate_history": []
    }
  ],
  "extension2": [
    {
      "avg_throughput": {
        "mean": 1.69984,
        "std": 0.48736290215813516,
        "min": 1.2716,
        "max": 2.4624,
        "values": [
          2.0944,
          1.3088,
          1.2716,
          2.4624,
          1.3619999999999999
        ]
      },
      "avg_latency": {
        "mean": 241.7810273512809,
        "std": 39.48305595230563,
        "min": 204.82927160821427,
        "max": 301.49444556203144,
        "values": [
          276.3645055502902,
          209.70372308013046,
          204.82927160821427,
          301.49444556203144,
          216.51319095573814
        ]
      },
      "loss_rate": {
        "mean": 0.048871324262787126,
        "std": 0.03500999476965373,
        "min": 0.014445641058813893,
        "max": 0.10454345948192642,
        "values": [
          0.07520186858126611,
          0.022008618005721667,
          0.014445641058813893,
          0.10454345948192642,
          0.028157034186207543
        ]
      },
      "avg_utility": {
        "mean": -2.1559310426679166,
        "std": 1.6472168631608255,
        "min": -4.782131744852008,
        "max": -0.583456095842827,
        "values": [
          -3.389577546205579,
          -0.8403586662618191,
          -0.583456095842827,
          -4.782131744852008,
          -1.1841311601773499
        ]
      },
      "final_rate": {
        "mean": 1.0,
        "std": 0.0,
        "min": 1.0,
        "max": 1.0,
        "values": [
          1.0,
          1.0,
          1.0,
          1.0,
          1.0
        ]
      },