{
  "scenario": "realtime_gaming",
  "description": "Real-time gaming: FPS gaming, minimize latency",
  "network_config": {
    "bandwidth_mbps": 5.0,
    "delay_ms": 20.0,
    "queue_size": 30,
    "loss_rate": 0.001,
    "expected_traffic_type": "realtime"
  },
  "baseline": [
    {
      "avg_throughput": {
        "mean": 1.07728,
        "std": 0.00046647615158765645,
        "min": 1.0764,
        "max": 1.0776000000000001,
        "values": [
          1.0776000000000001,
          1.0776000000000001,
          1.0776000000000001,
          1.0772000000000002,
          1.0764
        ]
      },
      "avg_latency": {
        "mean": 46.45012809343663,
        "std": 0.008910127473321936,
        "min": 46.43950497515706,
        "max": 46.46286608626817,
        "values": [
          46.44897719737928,
          46.46286608626817,
          46.441898344332685,
          46.457393864045955,
          46.43950497515706
        ]
      },
      "loss_rate": {
        "mean": 0.008342312735740617,
        "std": 0.00048591265790377477,
        "min": 0.008008979402407286,
        "max": 0.009258979402407285,
        "values": [
          0.008008979402407286,
          0.008008979402407286,
          0.008008979402407286,
          0.008425646069073952,
          0.009258979402407285
        ]
      },
      "avg_utility": {
        "mean": 0.5810455162610131,
        "std": 0.004397922621019799,
        "min": 0.5727503309223201,
        "max": 0.584074306198111,
        "values": [
          0.5840602531325582,
          0.5840556659796007,
          0.584074306198111,
          0.5802870250724754,
          0.5727503309223201
        ]
      },
      "final_rate": {
        "mean": 1.0,
        "std": 0.0,
        "min": 1.0,
        "max": 1.0,
        "values": [
          1.0,
          1.0,
          1.0,
          1.0,
          1.0
        ]
      },
      "latency_p50": {
        "mean": 46.44897719737928,
        "std": 0.008910127473321936
      },
      "latency_p95": {
        "mean": 46.46177164182373,
        "std": 0.008910127473321936
      },
      "latency_p99": {
        "mean": 46.46264719737928,
        "std": 0.008910127473321936
      },
      "convergence_time_seconds": {
        "mean": 3.8828491375583125,
        "std": 0.007729081387304182,
        "values": [
          3.8775510204081636,
          3.8775510204081636,
          3.8775510204081636,
          3.884156729131175,
          3.897435897435898
        ]
      },
      "fairness_index": {
        "mean": 0.8704024607244806,
        "std": 0.020934917784537214,
        "values": [
          0.880885525743369,
          0.8808007200972069,
          0.8809078427429052,
          0.880885525743369,
          0.8285326892955529
        ]
      },
      "jain_fairness_index": {
        "mean": 0.8704024607244806,
        "std": 0.020934917784537214,
        "values": [
          0.880885525743369,
          0.8808007200972069,
          0.8809078427429052,
          0.880885525743369,
          0.8285326892955529
        ]
      },
      "fairness_violations": {
        "mean": 0.010218024046206085,
        "std": 2.0339687861327122e-05,
        "values": [
          0.01020408163265306,
          0.01020408163265306,
          0.01020408163265306,
          0.010221465076660987,
          0.010256410256410256
        ]
      },
      "flow_contention_detected": {
        "mean": true,
        "count": 5,
        "percentage": 100.0
      },
      "rate_history": []
    }
  ],
  "extension1": [
    {
      "avg_throughput": {
        "mean": 3.11616,
        "std": 0.37705151690452055,
        "min": 2.4968000000000004,
        "max": 3.4916,
        "values": [
          3.4676,
          2.4968000000000004,
          3.2312000000000003,
          3.4916,
          2.8936
        ]
      },
      "avg_latency": {
        "mean": 62.731780792993085,
        "std": 2.6943743442382173,
        "min": 58.029446353603795,
        "max": 65.76791366209841,
        "values": [
          65.76791366209841,
          58.029446353603795,
          62.57552889233425,
          64.9242433717779,
          62.3617716851511
        ]
      },
      "loss_rate": {
        "mean": 0.015688463013246497,
        "std": 0.007479307709668918,
        "min": 0.007304934243658429,
        "max": 0.02934730455394118,
        "values": [
          0.014494274156536167,
          0.016207084420661697,
          0.007304934243658429,
          0.01108871769143501,
          0.02934730455394118
        ]
      },
      "avg_utility": {
        "mean": 1.5752922140602454,
        "std": 0.623314038032999,
        "min": 0.5708385640972389,
        "max": 2.1929808443745493,
        "values": [
          1.880941616595863,
          1.13865816279453,
          2.1929808443745493,
          2.093041882439045,
          0.5708385640972389
        ]
      },
      "final_rate": {
        "mean": 2.1858317258294306,
        "std": 1.0216978253577031,
        "min": 1.0,
        "max": 3.5419736872710685,
        "values": [
          3.5419736872710685,
          1.0,
          2.8551094972956483,
          2.5320754445804363,
          1.0
        ]
      },
      "latency_p50": {
        "mean": 62.57552889233425,
        "std": 2.6943743442382173
      },
      "latency_p95": {
        "mean": 65.5991796040343,
        "std": 2.6943743442382173
      },
      "latency_p99": {
        "mean": 65.7341668504856,
        "std": 2.6943743442382173
      },
      "convergence_time_seconds": {
        "mean": 7.0099611301545295,
        "std": 3.562277347155356,
        "values": [
          5.300751879699248,
          5.196428571428571,
          5.1891891891891895,
          5.229357798165138,
          14.134078212290502
        ]
      },
      "fairness_index": {
        "mean": 0.7375463283682631,
        "std": 0.0464714177645874,
        "values": [
          0.7,
          0.7,
          0.7832589236192959,
          0.8044727182220194,
          0.7
        ]
      },
      "jain_fairness_index": {
        "mean": 0.7375463283682631,
        "std": 0.0464714177645874,
        "values": [
          0.7,
          0.7,
          0.7832589236192959,
          0.8044727182220194,
          0.7
        ]
      },
      "fairness_violations": {
        "mean": 0.009552621214099624,
        "std": 0.006912015746104646,
        "values": [
          0.0037593984962406013,
          0.010714285714285714,
          0.0036036036036036037,
          0.007339449541284404,
          0.0223463687150838
        ]
      },
      "flow_contention_detected": {
        "mean": true,
        "count": 5,
        "percentage": 100.0
      },
      "rate_history": []
    }
  ],
  "extension2": [
    {
      "avg_throughput": {
        "mean": 2.5369599999999997,
        "std": 1.2873785482133837,
        "min": 1.1348000000000003,
        "max": 4.269199999999999,
        "values": [
          3.7896000000000005,
          2.2448,
          4.269199999999999,
          1.1348000000000003,
          1.2464
        ]
      },
      "avg_latency": {
        "mean": 57.5634582903834,
        "std": 9.457889459958096,
        "min": 46.93835684193071,
        "max": 69.24391458367005,
        "values": [
          67.79880138253,
          55.75414549277444,
          69.24391458367005,
          46.93835684193071,
          48.082073151011805
        ]
      },
      "loss_rate": {
        "mean": 0.01149026887625577,
        "std": 0.003767624799133723,
        "min": 0.0076761537738549235,
        "max": 0.018357346318097115,
        "values": [
          0.018357346318097115,
          0.012488767903897798,
          0.00928207365376861,
          0.0076761537738549235,
          0.009647002731660402
        ]
      },
      "avg_utility": {
        "mean": 1.504178868071462,
        "std": 0.7923874875535246,
        "min": 0.7253595922399427,
        "max": 2.766489114676968,