{
  "scenario": "video_streaming",
  "description": "Video streaming: 4K video, stable bitrate",
  "network_config": {
    "bandwidth_mbps": 15.0,
    "delay_ms": 30.0,
    "queue_size": 50,
    "loss_rate": 0.002,
    "expected_traffic_type": "streaming"
  },
  "baseline": [
    {
      "avg_throughput": {
        "mean": 10.412159999999998,
        "std": 0.2506352377460119,
        "min": 10.1156,
        "max": 10.7264,
        "values": [
          10.1268,
          10.4748,
          10.7264,
          10.1156,
          10.617199999999999
        ]
      },
      "avg_latency": {
        "mean": 72.39801491503242,
        "std": 0.4291102152482389,
        "min": 71.88788270013579,
        "max": 72.94895803733797,
        "values": [
          71.92263834134683,
          72.48020863406732,
          72.94895803733797,
          71.88788270013579,
          72.75038686227421
        ]
      },
      "loss_rate": {
        "mean": 0.006611494742798797,
        "std": 0.0003111059484911528,
        "min": 0.006060521439079601,
        "max": 0.007008994160999823,
        "values": [
          0.007008994160999823,
          0.006571379206584805,
          0.0067399872351524455,
          0.006676591672177309,
          0.006060521439079601
        ]
      },
      "avg_utility": {
        "mean": 6.856305369919565,
        "std": 0.17079649285724816,
        "min": 6.635460208079507,
        "max": 7.049266076001319,
        "values": [
          6.635460208079507,
          6.904164310163312,
          7.0156710462898175,
          6.676965209063869,
          7.049266076001319
        ]
      },
      "final_rate": {
        "mean": 10.533055555102203,
        "std": 1.0516832193052827,
        "min": 8.506935286237004,
        "max": 11.263546093342574,
        "values": [
          8.506935286237004,
          11.141869528431073,
          11.263546093342574,
          10.499040725026243,
          11.25388614247412
        ]
      },
      "latency_p50": {
        "mean": 72.48020863406732,
        "std": 0.4291102152482389
      },
      "latency_p95": {
        "mean": 72.90924380232522,
        "std": 0.4291102152482389
      },
      "latency_p99": {
        "mean": 72.94101519033542,
        "std": 0.4291102152482389
      },
      "rate_history": []
    }
  ],
  "extension1": [
    {
      "avg_throughput": {
        "mean": 10.783411913477536,
        "std": 0.22232623055774026,
        "min": 10.427999999999999,
        "max": 11.124259567387687,
        "values": [
          10.427999999999999,
          10.790799999999999,
          11.124259567387687,
          10.8348,
          10.739199999999999
        ]
      },
      "avg_latency": {
        "mean": 73.0732615260575,
        "std": 0.3771266195528135,
        "min": 72.4739008099868,
        "max": 73.65620435754359,
        "values": [
          72.4739008099868,
          73.07458242314529,
          73.65620435754359,
          73.15811176248356,
          73.0035082771282
        ]
      },
      "loss_rate": {
        "mean": 0.007485626402213061,
        "std": 0.0001555052514210928,
        "min": 0.0072590225390795115,
        "max": 0.007703604604470265,
        "values": [
          0.007703604604470265,
          0.0074917164647385105,
          0.007382000671654084,
          0.007591787731122932,
          0.0072590225390795115
        ]
      },
      "avg_utility": {
        "mean": 9.05580671638167,
        "std": 0.21350306247204504,
        "min": 8.697819449443433,
        "max": 9.369309023804435,
        "values": [
          8.697819449443433,
          9.059335573634344,
          9.369309023804435,
          9.094005579932551,
          9.05856395509358
        ]
      },
      "final_rate": {
        "mean": 10.757502494170545,
        "std": 0.856142252802767,
        "min": 9.447342638257178,
        "max": 11.664322336612464,
        "values": [
          11.664322336612464,
          10.835562461929667,
          10.189711206826425,
          11.650573827226989,
          9.447342638257178
        ]
      },
      "latency_p50": {
        "mean": 73.07458242314529,
        "std": 0.3771266195528135
      },
      "latency_p95": {
        "mean": 73.55658583853157,
        "std": 0.3771266195528135
      },
      "latency_p99": {
        "mean": 73.63628065374118,
        "std": 0.3771266195528135
      },
      "traffic_class_accuracy": {
        "mean": 0.0,
        "std": 0.0,
        "values": [
          0.0,
          0.0,
          0.0,
          0.0,
          0.0
        ]
      },
      "utility_optimization": {
        "mean": 3.0186022387938896,
        "std": 0.07116768749068168,
        "values": [
          2.8992731498144777,
          3.0197785245447815,
          3.123103007934812,
          3.0313351933108503,
          3.019521318364527
        ]
      },
      "rate_history": []
    }
  ],
  "statistics": {
    "total_runs": 5,
    "timestamp": "2025-11-19T18:02:49.146301",
    "version": "2.0",
    "simulation_type": "real"
  }
}