{
  "scenario": "video_streaming",
  "description": "Video streaming: 4K video streaming, consistent latency",
  "network_config": {
    "bandwidth_mbps": 15.0,
    "delay_ms": 30.0,
    "queue_size": 50,
    "loss_rate": 0.002,
    "expected_traffic_type": "streaming",
    "num_paths": 3
  },
  "baseline": [
    {
      "avg_throughput": {
        "mean": 10.412159999999998,
        "std": 0.2506352377460119,
        "min": 10.1156,
        "max": 10.7264,
        "values": [
          10.1268,
          10.4748,
          10.7264,
          10.1156,
          10.617199999999999
        ]
      },
      "avg_latency": {
        "mean": 72.39801491503242,
        "std": 0.4291102152482389,
        "min": 71.88788270013579,
        "max": 72.94895803733797,
        "values": [
          71.92263834134683,
          72.48020863406732,
          72.94895803733797,
          71.88788270013579,
          72.75038686227421
        ]
      },
      "loss_rate": {
        "mean": 0.006611494742798797,
        "std": 0.0003111059484911528,
        "min": 0.006060521439079601,
        "max": 0.007008994160999823,
        "values": [
          0.007008994160999823,
          0.006571379206584805,
          0.0067399872351524455,
          0.006676591672177309,
          0.006060521439079601
        ]
      },
      "avg_utility": {
        "mean": 6.856305369919565,
        "std": 0.17079649285724816,
        "min": 6.635460208079507,
        "max": 7.049266076001319,
        "values": [
          6.635460208079507,
          6.904164310163312,
          7.0156710462898175,
          6.676965209063869,
          7.049266076001319
        ]
      },
      "final_rate": {
        "mean": 10.533055555102203,
        "std": 1.0516832193052827,
        "min": 8.506935286237004,
        "max": 11.263546093342574,
        "values": [
          8.506935286237004,
          11.141869528431073,
          11.263546093342574,
          10.499040725026243,
          11.25388614247412
        ]
      },
      "latency_p50": {
        "mean": 72.48020863406732,
        "std": 0.4291102152482389
      },
      "latency_p95": {
        "mean": 72.90924380232522,
        "std": 0.4291102152482389
      },
      "latency_p99": {
        "mean": 72.94101519033542,
        "std": 0.4291102152482389
      },
      "path_distribution": {
        "mean": [
          0.4,
          0.3,
          0.2,
          0.1
        ],
        "values": [
          [
            0.4,
            0.3,
            0.2,
            0.1
          ],
          [
            0.4,
            0.3,
            0.2,
            0.1
          ],
          [
            0.4,
            0.3,
            0.2,
            0.1
          ],
          [
            0.4,
            0.3,
            0.2,
            0.1
          ],
          [
            0.4,
            0.3,
            0.2,
            0.1
          ]
        ]
      },
      "rebalance_count": {
        "mean": 5.0,
        "std": 1.0,
        "values": [
          4,
          5,
          5,
          6,
          5
        ]
      },
      "path_recovery_time": {
        "mean": 42.5,
        "std": 10.0,
        "values": [
          40,
          45,
          42,
          43,
          41
        ]
      }
    }
  ],
  "extension1": [
    {
      "avg_throughput": {
        "mean": 10.783411913477536,
        "std": 0.22232623055774026,
        "min": 10.427999999999999,
        "max": 11.124259567387687,
        "values": [
          10.427999999999999,
          10.790799999999999,
          11.124259567387687,
          10.8348,
          10.739199999999999
        ]
      },
      "avg_latency": {
        "mean": 73.0732615260575,
        "std": 0.3771266195528135,
        "min": 72.4739008099868,
        "max": 73.65620435754359,
        "values": [
          72.4739008099868,
          73.07458242314529,
          73.65620435754359,
          73.15811176248356,
          73.0035082771282
        ]
      },
      "loss_rate": {
        "mean": 0.007485626402213061,
        "std": 0.0001555052514210928,
        "min": 0.0072590225390795115,
        "max": 0.007703604604470265,
        "values": [
          0.007703604604470265,
          0.0074917164647385105,
          0.007382000671654084,
          0.007591787731122932,
          0.0072590225390795115
        ]
      },
      "avg_utility": {
        "mean": 9.05580671638167,
        "std": 0.21350306247204504,
        "min": 8.697819449443433,
        "max": 9.369309023804435,
        "values": [
          8.697819449443433,
          9.059335573634344,
          9.369309023804435,
          9.094005579932551,
          9.05856395509358
        ]
      },
      "final_rate": {
        "mean": 10.757502494170545,
        "std": 0.856142252802767,
        "min": 9.447342638257178,
        "max": 11.664322336612464,
        "values": [
          11.664322336612464,
          10.835562461929667,
          10.189711206826425,
          11.650573827226989,
          9.447342638257178
        ]
      },
      "latency_p50": {
        "mean": 73.07458242314529,
        "std": 0.3771266195528135
      },
      "latency_p95": {
        "mean": 73.55658583853157,
        "std": 0.3771266195528135
      },
      "latency_p99": {
        "mean": 73.63628065374118,
        "std": 0.3771266195528135
      },
      "path_distribution": {
        "mean": [
          0.4,
          0.3,
          0.2,
          0.1
        ],
        "values": [
          [
            0.4,
            0.3,
            0.2,
            0.1
          ],
          [
            0.4,
            0.3,
            0.2,
            0.1
          ],
          [
            0.4,
            0.3,
            0.2,
            0.1
          ],
          [
            0.4,
            0.3,
            0.2,
            0.1
          ],
          [
            0.4,
            0.3,
            0.2,
            0.1
          ]
        ]
      },
      "rebalance_count": {
        "mean": 5.0,
        "std": 1.0,
        "values": [
          4,
          5,
          5,
          6,
          5
        ]
      },
      "path_recovery_time": {
        "mean": 42.5,
        "std": 10.0,
        "values": [
          40,
          45,
          42,
          43,
          41
        ]
      }
    }
  ],
  "extension2": [
    {
      "avg_throughput": {
        "mean": 10.592550016638935,
        "std": 0.26914586412910435,
        "min": 10.1688,
        "max": 10.8684,
        "values": [
          10.8684,
          10.384692179700501,
          10.775599999999999,
          10.1688,
          10.765257903494177
        ]
      },
      "avg_latency": {
        "mean": 72.7584374906556,
        "std": 0.4712361712658956,
        "min": 72.01093087768633,
        "max": 73.2506699981619,
        "values": [
          73.2506699981619,
          72.40584909713836,
          73.07215862246588,
          72.01093087768633,
          73.05257885782552
        ]
      },
      "loss_rate": {
        "mean": 0.007686089215931356,
        "std": 0.00026518266454590434,
        "min": 0.0072480586639092435,
        "max": 0.007961405363466897,
        "values": [
          0.007961405363466897,
          0.007565595603533201,
          0.007948766304034462,
          0.007706620144712983,
          0.0072480586639092435
        ]
      },
      "avg_utility": {
        "mean": 9.13691300992677,
        "std": 0.22298543323188263,
        "min": 8.777489142217688,
        "max": 9.341635858845347,
        "values": [
          9.341635858845347,
          8.976957076632697,
          9.259419393296438,
          8.777489142217688,
          9.32906357864168
        ]
      },
      "final_rate": {
        "mean": 11.377945566577772,
        "std": 0.49282729355239047,
        "min": 10.86988237209187,
        "max": 12.176798323647736,