{
  "scenario": "wireless_2pct_loss",
  "description": "Wireless network: 2% packet loss, lossy conditions",
  "network_config": {
    "bandwidth_mbps": 8.0,
    "delay_ms": 60.0,
    "queue_size": 80,
    "loss_rate": 0.02,
    "expected_traffic_type": "bulk",
    "num_paths": 4
  },
  "baseline": [
    {
      "avg_throughput": {
        "mean": 4.8232,
        "std": 1.2740010675034776,
        "min": 2.8792,
        "max": 6.101999999999999,
        "values": [
          6.101999999999999,
          5.4628000000000005,
          5.9064000000000005,
          2.8792,
          3.7655999999999996
        ]
      },
      "avg_latency": {
        "mean": 137.12894186863016,
        "std": 21.68449357137379,
        "min": 108.0963962683289,
        "max": 163.9107636207311,
        "values": [
          146.43188243780438,
          152.0354139469545,
          163.9107636207311,
          108.0963962683289,
          115.1702530693319
        ]
      },
      "loss_rate": {
        "mean": 0.26987978768980164,
        "std": 0.15900830326183346,
        "min": 0.09239686429893934,
        "max": 0.5117715484007348,
        "values": [
          0.24161032013045414,
          0.384011087519074,
          0.5117715484007348,
          0.11960911809980587,
          0.09239686429893934
        ]
      },
      "avg_utility": {
        "mean": -22.52562133336499,
        "std": 14.409127327566987,
        "min": -44.42630815199322,
        "max": -6.386824893518421,
        "values": [
          -20.129289868806246,
          -32.81380717077263,
          -44.42630815199322,
          -8.87187658173444,
          -6.386824893518421
        ]
      },
      "final_rate": {
        "mean": 8.77558319167853,
        "std": 11.667231959945871,
        "min": 1.0,
        "max": 31.649484588569194,
        "values": [
          7.3137077786224705,
          2.9147235912009863,
          31.649484588569194,
          1.0,
          1.0
        ]
      },
      "latency_p50": {
        "mean": 146.43188243780438,
        "std": 21.68449357137379
      },
      "latency_p95": {
        "mean": 161.5356936859758,
        "std": 21.68449357137379
      },
      "latency_p99": {
        "mean": 163.43574963378003,
        "std": 21.68449357137379
      },
      "path_distribution": {
        "mean": [
          0.4,
          0.3,
          0.2,
          0.1
        ],
        "values": [
          [
            0.4,
            0.3,
            0.2,
            0.1
          ],
          [
            0.4,
            0.3,
            0.2,
            0.1
          ],
          [
            0.4,
            0.3,
            0.2,
            0.1
          ],
          [
            0.4,
            0.3,
            0.2,
            0.1
          ],
          [
            0.4,
            0.3,
            0.2,
            0.1
          ]
        ]
      },
      "rebalance_count": {
        "mean": 5.0,
        "std": 1.0,
        "values": [
          4,
          5,
          5,
          6,
          5
        ]
      },
      "path_recovery_time": {
        "mean": 42.5,
        "std": 10.0,
        "values": [
          40,
          45,
          42,
          43,
          41
        ]
      }
    }
  ],
  "extension1": [
    {
      "avg_throughput": {
        "mean": 4.2873600000000005,
        "std": 0.6277410217597703,
        "min": 3.3219999999999996,
        "max": 4.9732,
        "values": [
          3.3219999999999996,
          4.724,
          4.9732,
          4.636000000000001,
          3.7816
        ]
      },
      "avg_latency": {
        "mean": 127.92361977564128,
        "std": 11.375847174592757,
        "min": 113.200571098056,
        "max": 143.89223081242258,
        "values": [
          113.200571098056,
          136.07803539248587,
          128.9074018449661,
          143.89223081242258,
          117.53985973027588
        ]
      },
      "loss_rate": {
        "mean": 0.19847737844667662,
        "std": 0.09393218661734161,
        "min": 0.1253357798023433,
        "max": 0.3701062170973513,
        "values": [
          0.1253357798023433,
          0.22905663139882032,
          0.13873767926222846,
          0.3701062170973513,
          0.12915058467263965
        ]
      },
      "avg_utility": {
        "mean": -15.366510329687864,
        "std": 8.209752829857402,
        "min": -30.274980384450302,
        "max": -8.922626535153283,
        "values": [
          -8.922626535153283,
          -18.262757949209046,
          -10.067909058910034,
          -30.274980384450302,
          -9.304277720716655
        ]
      },
      "final_rate": {
        "mean": 19.29286705400649,
        "std": 22.671490942669298,
        "min": 1.0,
        "max": 52.870943462879445,
        "values": [
          1.1916669572977125,
          1.0,
          1.0,
          52.870943462879445,
          40.40172484985529
        ]
      },
      "latency_p50": {
        "mean": 128.9074018449661,
        "std": 11.375847174592757
      },
      "latency_p95": {
        "mean": 142.32939172843524,
        "std": 11.375847174592757
      },
      "latency_p99": {
        "mean": 143.5796629956251,
        "std": 11.375847174592757
      },
      "path_distribution": {
        "mean": [
          0.4,
          0.3,
          0.2,
          0.1
        ],
        "values": [
          [
            0.4,
            0.3,
            0.2,
            0.1
          ],
          [
            0.4,
            0.3,
            0.2,
            0.1
          ],
          [
            0.4,
            0.3,
            0.2,
            0.1
          ],
          [
            0.4,
            0.3,
            0.2,
            0.1
          ],
          [
            0.4,
            0.3,
            0.2,
            0.1
          ]
        ]
      },
      "rebalance_count": {
        "mean": 5.0,
        "std": 1.0,
        "values": [
          4,
          5,
          5,
          6,
          5
        ]
      },
      "path_recovery_time": {
        "mean": 42.5,
        "std": 10.0,
        "values": [
          40,
          45,
          42,
          43,
          41
        ]
      }
    }
  ],
  "extension2": [
    {
      "avg_throughput": {
        "mean": 3.9810498502495846,
        "std": 1.0174959759011981,
        "min": 2.4672,
        "max": 5.3660000000000005,
        "values": [
          5.3660000000000005,
          4.822,
          3.5704492512479202,
          2.4672,
          3.6796
        ]
      },
      "avg_latency": {
        "mean": 120.72781972064186,
        "std": 14.581062763825267,
        "min": 99.5324331361457,
        "max": 143.80679407164808,
        "values": [
          143.80679407164808,
          126.16054495498807,
          120.59633060013942,
          99.5324331361457,
          113.54299584028801
        ]
      },
      "loss_rate": {
        "mean": 0.144099414261482,
        "std": 0.07376566800664744,
        "min": 0.058810198834331744,
        "max": 0.2736552531547895,
        "values": [
          0.2736552531547895,
          0.13887725400988052,
          0.158916644001591,
          0.058810198834331744,
          0.09023772130681733
        ]
      },
      "avg_utility": {
        "mean": -9.584843173988537,
        "std": 5.910860997416758,
        "min": -19.95370169802715,
        "max": -2.7149693628862654,
        "values": [
          -19.95370169802715,
          -9.07454398249879,
          -10.85242633044955,
          -2.7149693628862654,
          -5.328574496080936
        ]
      },
      "final_rate": {
        "mean": 5.203431825962606,
        "std": 7.688849339580647,
        "min": 1.0,
        "max": 20.56715912981303,
        "values": [
          20.56715912981303,
          1.0,
          1.8,
          1.6500000000000001,
          1.0
        ]
      },
      "latency_p50": {
        "mean": 120.59633060013942,