{
  "scenario": "high_bandwidth",
  "description": "High bandwidth network: Datacenter interconnect",
  "network_config": {
    "bandwidth_mbps": 100.0,
    "delay_ms": 5.0,
    "queue_size": 2000,
    "loss_rate": 0.0,
    "expected_traffic_type": "bulk"
  },
  "baseline": [
    {
      "avg_throughput": {
        "mean": 97.8216,
        "std": 0.0,
        "min": 97.8216,
        "max": 97.8216,
        "values": [
          97.8216,
          97.8216,
          97.8216,
          97.8216,
          97.8216
        ]
      },
      "avg_latency": {
        "mean": 54.75603303775515,
        "std": 0.0,
        "min": 54.75603303775515,
        "max": 54.75603303775515,
        "values": [
          54.75603303775515,
          54.75603303775515,
          54.75603303775515,
          54.75603303775515,
          54.75603303775515
        ]
      },
      "loss_rate": {
        "mean": 0.0,
        "std": 0.0,
        "min": 0.0,
        "max": 0.0,
        "values": [
          0.0,
          0.0,
          0.0,
          0.0,
          0.0
        ]
      },
      "avg_utility": {
        "mean": 61.13371667110353,
        "std": 0.0,
        "min": 61.13371667110353,
        "max": 61.13371667110353,
        "values": [
          61.13371667110353,
          61.13371667110353,
          61.13371667110353,
          61.13371667110353,
          61.13371667110353
        ]
      },
      "final_rate": {
        "mean": 100.0,
        "std": 0.0,
        "min": 100.0,
        "max": 100.0,
        "values": [
          100.0,
          100.0,
          100.0,
          100.0,
          100.0
        ]
      },
      "latency_p50": {
        "mean": 54.75603303775515,
        "std": 0.0
      },
      "latency_p95": {
        "mean": 54.75603303775515,
        "std": 0.0
      },
      "latency_p99": {
        "mean": 54.75603303775515,
        "std": 0.0
      },
      "rate_history": []
    }
  ],
  "extension1": [
    {
      "avg_throughput": {
        "mean": 97.8216,
        "std": 0.0,
        "min": 97.8216,
        "max": 97.8216,
        "values": [
          97.8216,
          97.8216,
          97.8216,
          97.8216,
          97.8216
        ]
      },
      "avg_latency": {
        "mean": 54.75603303775515,
        "std": 0.0,
        "min": 54.75603303775515,
        "max": 54.75603303775515,
        "values": [
          54.75603303775515,
          54.75603303775515,
          54.75603303775515,
          54.75603303775515,
          54.75603303775515
        ]
      },
      "loss_rate": {
        "mean": 0.0,
        "std": 0.0,
        "min": 0.0,
        "max": 0.0,
        "values": [
          0.0,
          0.0,
          0.0,
          0.0,
          0.0
        ]
      },
      "avg_utility": {
        "mean": 60.869344790763776,
        "std": 0.0,
        "min": 60.869344790763776,
        "max": 60.869344790763776,
        "values": [
          60.869344790763776,
          60.869344790763776,
          60.869344790763776,
          60.869344790763776,
          60.869344790763776
        ]
      },
      "final_rate": {
        "mean": 100.0,
        "std": 0.0,
        "min": 100.0,
        "max": 100.0,
        "values": [
          100.0,
          100.0,
          100.0,
          100.0,
          100.0
        ]
      },
      "latency_p50": {
        "mean": 54.75603303775515,
        "std": 0.0
      },
      "latency_p95": {
        "mean": 54.75603303775515,
        "std": 0.0
      },
      "latency_p99": {
        "mean": 54.75603303775515,
        "std": 0.0
      },
      "rate_history": []
    }
  ],
  "extension2": [
    {
      "avg_throughput": {
        "mean": 97.8216,
        "std": 0.0,
        "min": 97.8216,
        "max": 97.8216,
        "values": [
          97.8216,
          97.8216,
          97.8216,
          97.8216,
          97.8216
        ]
      },
      "avg_latency": {
        "mean": 54.75603303775515,
        "std": 0.0,
        "min": 54.75603303775515,
        "max": 54.75603303775515,
        "values": [
          54.75603303775515,
          54.75603303775515,
          54.75603303775515,
          54.75603303775515,
          54.75603303775515
        ]
      },
      "loss_rate": {
        "mean": 0.0,
        "std": 0.0,
        "min": 0.0,
        "max": 0.0,
        "values": [
          0.0,
          0.0,
          0.0,
          0.0,
          0.0
        ]
      },
      "avg_utility": {
        "mean": 60.869344790763776,
        "std": 0.0,
        "min": 60.869344790763776,
        "max": 60.869344790763776,
        "values": [
          60.869344790763776,
          60.869344790763776,
          60.869344790763776,
          60.869344790763776,
          60.869344790763776
        ]
      },
      "final_rate": {
        "mean": 100.0,
        "std": 0.0,
        "min": 100.0,
        "max": 100.0,
        "values": [
          100.0,
          100.0,
          100.0,
          100.0,
          100.0
        ]
      },
      "latency_p50": {
        "mean": 54.75603303775515,
        "std": 0.0
      },
      "latency_p95": {
        "mean": 54.75603303775515,
        "std": 0.0
      },
      "latency_p99": {
        "mean": 54.75603303775515,
        "std": 0.0
      },
      "rate_history": []
    }
  ],
  "statistics": {
    "total_runs": 5,
    "timestamp": "2025-11-19T18:03:03.554153",
    "version": "2.0",
    "simulation_type": "real"
  }
}