{
  "metadata": {
    "generated_at": "2025-11-19T10:04:57.996941",
    "title": "Extension 4: Multipath Rate Allocation - Detailed Multipath Analysis",
    "description": "Comprehensive multipath metrics for 2, 3, and 4-path scenarios",
    "metric_definitions": {
      "aggregate_throughput": "Total throughput across all paths",
      "path_switches": "Number of times algorithm switched from one path to another",
      "per_path_throughput": "Throughput allocated to each individual path",
      "latency": "Average latency across all paths",
      "loss_rate": "Packet loss rate across paths"
    }
  },
  "scenarios": {
    "stable_dual": {
      "2path": {
        "aggregate_throughput": {
          "mean": 11.018024625623958,
          "std": 0.1699926909229757,
          "values": [
            10.7784,
            11.12106489184692,
            11.154608985024959
          ]
        },
        "path_switches": {
          "mean": 1.3333333333333333,
          "total": 4,
          "values": [
            2,
            0,
            2
          ]
        },
        "per_path_throughput": {
          "mean": [
            0.0,
            0.0
          ],
          "values": [
            [
              0.0,
              0.0
            ],
            [
              0.0,
              0.0
            ],
            [
              0.0,
              0.0
            ]
          ]
        },
        "latency": {
          "mean": 37.51496880796077,
          "values": [
            37.44051137569363,
            37.56514838889225,
            37.53924665929643
          ]
        },
        "loss_rate": {
          "mean": 0.006562398301812731,
          "values": [
            0.006404629407874786,
            0.006737043151757685,
            0.00654552234580572
          ]
        },
        "num_paths": 2
      },
      "3path": {
        "aggregate_throughput": {
          "mean": 11.018024625623958,
          "std": 0.1699926909229757,
          "values": [
            10.7784,
            11.12106489184692,
            11.154608985024959
          ]
        },
        "path_switches": {
          "mean": 1.3333333333333333,
          "total": 4,
          "values": [
            2,
            0,
            2
          ]
        },
        "per_path_throughput": {
          "mean": [
            0.0,
            0.0,
            0.0
          ],
          "values": [
            [
              0.0,
              0.0,
              0.0
            ],
            [
              0.0,
              0.0,
              0.0
            ],
            [
              0.0,
              0.0,
              0.0
            ]
          ]
        },
        "latency": {
          "mean": 37.51496880796077,
          "values": [
            37.44051137569363,
            37.56514838889225,
            37.53924665929643
          ]
        },
        "loss_rate": {
          "mean": 0.006562398301812731,
          "values": [
            0.006404629407874786,
            0.006737043151757685,
            0.00654552234580572
          ]
        },
        "num_paths": 3
      },
      "4path": {
        "aggregate_throughput": {
          "mean": 11.018024625623958,
          "std": 0.1699926909229757,
          "values": [
            10.7784,
            11.12106489184692,
            11.154608985024959
          ]
        },
        "path_switches": {
          "mean": 1.3333333333333333,
          "total": 4,
          "values": [
            2,
            0,
            2
          ]
        },
        "per_path_throughput": {
          "mean": [
            0.0,
            0.0,
            0.0,
            0.0
          ],
          "values": [
            [
              0.0,
              0.0,
              0.0,
              0.0
            ],
            [
              0.0,
              0.0,
              0.0,
              0.0
            ],
            [
              0.0,
              0.0,
              0.0,
              0.0
            ]
          ]
        },
        "latency": {
          "mean": 37.51496880796077,
          "values": [
            37.44051137569363,
            37.56514838889225,
            37.53924665929643
          ]
        },
        "loss_rate": {
          "mean": 0.006562398301812731,
          "values": [
            0.006404629407874786,
            0.006737043151757685,
            0.00654552234580572
          ]
        },
        "num_paths": 4
      }
    },
    "heterogeneous": {
      "2path": {
        "aggregate_throughput": {
          "mean": 8.159066666666666,
          "std": 0.23561467601903605,
          "values": [
            8.4712,
            7.902000000000001,
            8.104
          ]
        },
        "path_switches": {
          "mean": 9.666666666666666,
          "total": 29,
          "values": [
            10,
            7,
            12
          ]
        },
        "per_path_throughput": {
          "mean": [
            0.0,
            0.0
          ],
          "values": [
            [
              0.0,
              0.0
            ],
            [
              0.0,
              0.0
            ],
            [
              0.0,
              0.0
            ]
          ]
        },
        "latency": {
          "mean": 38.074666812136854,
          "values": [
            38.16374618012425,
            37.98161070835457,
            38.07864354793174
          ]
        },
        "loss_rate": {
          "mean": 0.013006821399560343,
          "values": [
            0.013079618319559413,
            0.012927577639477788,
            0.013013268239643827
          ]
        },
        "num_paths": 2
      },
      "3path": {
        "aggregate_throughput": {
          "mean": 8.159066666666666,
          "std": 0.23561467601903605,
          "values": [
            8.4712,
            7.902000000000001,
            8.104
          ]
        },
        "path_switches": {
          "mean": 11.666666666666666,
          "total": 35,
          "values": [
            10,
            13,
            12
          ]
        },
        "per_path_throughput": {
          "mean": [
            0.0,
            0.0,
            0.0
          ],
          "values": [
            [
              0.0,
              0.0,
              0.0
            ],
            [
              0.0,
              0.0,
              0.0
            ],
            [
              0.0,
              0.0,
              0.0
            ]
          ]
        },
        "latency": {
          "mean": 38.074666812136854,
          "values": [
            38.16374618012425,
            37.98161070835457,
            38.07864354793174
          ]
        },
        "loss_rate": {
          "mean": 0.013006821399560343,
          "values": [
            0.013079618319559413,
            0.012927577639477788,
            0.013013268239643827
          ]
        },
        "num_paths": 3
      },
      "4path": {
        "aggregate_throughput": {
          "mean": 8.159066666666666,
          "std": 0.23561467601903605,
          "values": [
            8.4712,
            7.902000000000001,
            8.104
          ]
        },
        "path_switches": {
          "mean": 11.666666666666666,
          "total": 35,
          "values": [
            10,
            13,
            12
          ]
        },
        "per_path_throughput": {
          "mean": [
            0.0,
            0.0,
            0.0,
            0.0
          ],
          "values": [
            [
              0.0,
              0.0,
              0.0,
              0.0
            ],
            [
              0.0,
              0.0,
              0.0,
              0.0
            ],
            [
              0.0,
              0.0,
              0.0,
              0.0
            ]
          ]
        },
        "latency": {
          "mean": 38.074666812136854,